<?xml version="1.0" encoding="UTF-8"?>
<rss version="2.0" xmlns:ror="http://rorweb.com/0.1/" >
<channel>
  <title>ROR Sitemap for http://www.sonalraj.com/</title>
  <link>http://www.sonalraj.com/</link>

<item>
     <link>http://www.sonalraj.com/</link>
     <title>Sonal Raj</title>
     <description>Sonal Raj</description>
     <ror:updatePeriod>weekly</ror:updatePeriod>
     <ror:sortOrder>0</ror:sortOrder>
     <ror:resourceOf>sitemap</ror:resourceOf>
</item>
<item>
     <link>http://www.sonalraj.com/work.html</link>
     <title>Sonal Raj</title>
     <description>Sonal Raj</description>
     <ror:updatePeriod>weekly</ror:updatePeriod>
     <ror:sortOrder>1</ror:sortOrder>
     <ror:resourceOf>sitemap</ror:resourceOf>
</item>
<item>
     <link>http://www.sonalraj.com/resume.html</link>
     <title>Sonal Raj</title>
     <description>Sonal Raj</description>
     <ror:updatePeriod>weekly</ror:updatePeriod>
     <ror:sortOrder>1</ror:sortOrder>
     <ror:resourceOf>sitemap</ror:resourceOf>
</item>
<item>
     <link>http://www.sonalraj.com/contact.html</link>
     <title>Sonal Raj : The Final Frontier</title>
     <description>Sonal Raj : The Final Frontier</description>
     <ror:updatePeriod>weekly</ror:updatePeriod>
     <ror:sortOrder>1</ror:sortOrder>
     <ror:resourceOf>sitemap</ror:resourceOf>
</item>
<item>
     <link>http://www.sonalraj.com/index.html</link>
     <title>Sonal Raj</title>
     <description>Sonal Raj</description>
     <ror:updatePeriod>weekly</ror:updatePeriod>
     <ror:sortOrder>2</ror:sortOrder>
     <ror:resourceOf>sitemap</ror:resourceOf>
</item>
<item>
     <link>http://www.sonalraj.com/sonalraj_resume.docx</link>
     <title></title>
     
     <ror:updatePeriod>weekly</ror:updatePeriod>
     <ror:sortOrder>2</ror:sortOrder>
     <ror:resourceOf>sitemap</ror:resourceOf>
</item>
</channel>
</rss>
  